First_Name,Last_Name,Date_of_Birth,Country,Salary,Gender
Aaliyah,Smith,1995-03-10,Canada,65000,Female
Ethan,Johnson,1988-11-22,USA,80000,Male
Olivia,Williams,2001-07-15,UK,55000,Female
Noah,Brown,1992-05-01,Australia,72000,Male
Ava,Jones,1999-12-28,Germany,60000,Female
Liam,Garcia,1985-09-17,France,90000,Male
Sophia,Miller,2003-02-08,Spain,48000,Female
Jackson,Davis,1997-06-24,Japan,78000,Male
Isabella,Rodriguez,1990-01-03,Brazil,68000,Female
Aiden,Wilson,1987-08-11,China,100000,Male
Mia,Anderson,2000-10-30,India,52000,Female
Lucas,Thomas,1994-04-16,Mexico,70000,Male
Amelia,Jackson,2002-09-05,Italy,57000,Female
Benjamin,White,1989-07-02,Netherlands,85000,Male
Charlotte,Harris,1996-03-21,Sweden,62000,Female
Elijah,Martin,1986-11-09,Switzerland,95000,Male
Harper,Thompson,2004-01-14,Norway,45000,Female
James,Moore,1993-05-27,Denmark,75000,Male
Abigail,Clark,1998-12-19,Finland,58000,Female
Daniel,Lewis,1984-08-06,Austria,92000,Male
Emily,Lee,2001-10-25,Belgium,53000,Female
Matthew,Walker,1991-04-01,Ireland,71000,Male
Madison,Hall,2003-03-12,Portugal,49000,Female
Joseph,Allen,1988-07-29,Poland,82000,Male
Elizabeth,Young,1997-09-08,Greece,61000,Female
David,King,1987-06-18,Hungary,88000,Male
Chloe,Wright,2002-11-15,Czechia,54000,Female
Samuel,Scott,1990-02-04,Romania,69000,Male
Ella,Green,1994-08-10,Slovakia,73000,Female
Anthony,Baker,1985-05-22,Slovenia,91000,Male
Grace,Adams,2000-01-29,Croatia,50000,Female
Christopher,Nelson,1992-09-07,Bulgaria,74000,Male
Natalie,Hill,1999-12-01,Estonia,63000,Female
Ryan,Carter,1989-07-16,Latvia,86000,Male
Zoe,Mitchell,1995-04-28,Lithuania,67000,Female
Nicholas,Perez,1986-08-17,Cyprus,93000,Male
Lily,Roberts,2003-02-18,Malta,46000,Female
Alexander,Turner,1996-05-12,Iceland,79000,Male
Audrey,Phillips,1993-07-05,Luxembourg,66000,Female
Owen,Campbell,1991-10-02,Liechtenstein,87000,Male
Scarlett,Parker,1984-01-10,Monaco,98000,Female
Dylan,Evans,1998-03-24,San Marino,59000,Male
Claire,Edwards,1987-11-19,Andorra,97000,Female
Isaac,Stewart,2001-06-07,Vatican City,47000,Male
Stella,Morris,1997-08-03,Montenegro,76000,Female
Wyatt,Rogers,2002-04-14,Albania,51000,Male
Hazel,Reed,1989-09-21,Kosovo,89000,Female
Henry,Cook,2004-03-20,North Macedonia,44000,Male
Violet,Bell,1990-10-18,Bosnia,64000,Female